{"epoch": [0, 1, 2, 3, 4, 5, 6, 7, 8, 9, 10, 11, 12, 13, 14, 15, 16, 17, 18, 19, 20, 21, 22, 23, 24, 25, 26, 27, 28, 29, 30, 31, 32, 33, 34, 35, 36, 37, 38, 39, 40, 41, 42, 43, 44, 45, 46, 47, 48, 49, 50, 51, 52, 53, 54, 55, 56, 57, 58, 59, 60, 61, 62, 63, 64, 65, 66, 67, 68, 69, 70, 71, 72, 73, 74, 75, 76, 77, 78, 79, 80, 81, 82, 83, 84, 85, 86, 87, 88, 89, 90, 91, 92, 93, 94, 95, 96, 97, 98, 99], "train_loss": [13.06194588967236, 10.62680383969964, 10.096997809257353, 9.829868224448914, 9.63561042381291, 9.47969689866312, 9.344194282538403, 9.237187779081653, 9.120969010565819, 9.015420186359936, 8.921368212636015, 8.839819553777376, 8.75246075217503, 8.683392184240288, 8.619844370549268, 8.552904349811978, 8.483697190281951, 8.432859230541391, 8.376205715108348, 8.315887536708185, 8.270539746703834, 8.218939921435188, 8.191036730084782, 8.147255273773425, 8.114290804521387, 8.07728120651645, 8.046335840475164, 8.009031826768007, 7.980143440415433, 7.941158915371415, 7.916233683437821, 7.877950452827894, 7.8659186657598426, 7.840963055661201, 7.81284162508032, 7.790350145563249, 7.769526290004865, 7.759011704351018, 7.724401019379089, 7.707752513829955, 7.705653935445209, 7.676299094876093, 7.6647357690730065, 7.650393817892724, 7.63327821854873, 7.627078042727399, 7.585018878074739, 7.576931705152703, 7.564359312774001, 7.560861002933722, 7.5477796281293585, 7.531409224452983, 7.522158391682575, 7.524009911487737, 7.49942821170538, 7.48366755694932, 7.471686838391081, 7.464262330539017, 7.4572894510725725, 7.443968442962415, 7.436918300324286, 7.422341069858575, 7.418381463807894, 7.400406412281265, 7.396082186879428, 7.391220088607708, 7.3821512290608, 7.374735932191861, 7.350982208896252, 7.3622650455859215, 7.340195814675901, 7.340939948360241, 7.325949869117004, 7.331106062329781, 7.318886601376408, 7.317836159943284, 7.317459458310589, 7.29395703014136, 7.302407244991687, 7.2839744117416885, 7.278321575271438, 7.271293662909373, 7.273202212383112, 7.260141700662425, 7.262226036696081, 7.247484504308684, 7.2447248771569726, 7.233918081971193, 7.231942754188942, 7.232360356896855, 7.220735106137719, 7.205679309180676, 7.207256112740216, 7.1982481581010855, 7.190092127338425, 7.209492189910569, 7.204464180634753, 7.1939621446572835, 7.186543666004232, 7.186620948060558], "train_loss_c": [7.419052097362769, 6.979462625540198, 6.742963431529965, 6.619698119843916, 6.518312429506972, 6.425036008231642, 6.335891558669928, 6.258392847479952, 6.174265030587073, 6.101660257171737, 6.037259645356504, 5.974347551131429, 5.907258424775574, 5.848892782063559, 5.790414935985692, 5.728068242603495, 5.666791244655691, 5.623466547242278, 5.5696641114401, 5.516707583923429, 5.47470175699224, 5.437532124994242, 5.403092593457995, 5.362309990195806, 5.330139343726059, 5.294527247678283, 5.259852425192564, 5.2281431551929405, 5.197499688447875, 5.161079736386334, 5.139168644062502, 5.112398108147437, 5.0958422281468545, 5.064318362404318, 5.041082869731345, 5.015784805572234, 4.992326640777277, 4.981281961475477, 4.956631053514653, 4.936947033859369, 4.9290873261475605, 4.906558174412127, 4.886447703623119, 4.880790184595312, 4.8662593155040526, 4.853456259329234, 4.826872844784914, 4.807482163851943, 4.800420856087029, 4.7886826711542465, 4.783474533934196, 4.760644380756083, 4.753580719076345, 4.755096927519516, 4.7307075486324806, 4.722516409796757, 4.7101241270330805, 4.700971829592661, 4.692326282024661, 4.681185572523674, 4.674975444774817, 4.657403661264676, 4.658791056606891, 4.6416593171443505, 4.633974026161776, 4.632565702195076, 4.618584711883536, 4.61187037480176, 4.589094894183675, 4.596961140146628, 4.578067588750609, 4.572916134888167, 4.564186822555755, 4.5654856537967206, 4.55549256080934, 4.553396815537156, 4.559187202309201, 4.531230752941614, 4.537264222243392, 4.5176711833678365, 4.51851342011831, 4.505113668197383, 4.509019412616692, 4.4969543173483935, 4.4954250664230555, 4.488437968627895, 4.478797853027726, 4.4684213981006335, 4.462113026206272, 4.460494925827222, 4.452900081577868, 4.437988104761931, 4.433015429425114, 4.432530799853503, 4.428145092729225, 4.444286003040587, 4.430604158478139, 4.423570975635242, 4.412718695266759, 4.413390850284867], "train_loss_r": [0.028214468947792372, 0.01823670609898097, 0.01677017191497649, 0.016050850584979365, 0.015586490029047136, 0.01527330447660936, 0.015041513645931445, 0.014893974700967587, 0.014733519971405411, 0.014568799567757631, 0.01442054292104648, 0.014327360057295341, 0.01422601158204003, 0.014172496987657539, 0.014147147148181497, 0.014124180441673457, 0.01408452976274808, 0.014046963400559486, 0.01403270803997266, 0.01399589974778158, 0.013979189944316307, 0.013907038954661017, 0.013939720681821303, 0.013924726395150152, 0.013920757338897166, 0.013913769782377091, 0.013932417094518729, 0.013904443367866578, 0.013913218762690877, 0.013900395892842537, 0.013885325227414426, 0.013827761711664477, 0.013850382164969007, 0.013883223463702528, 0.013858793760624367, 0.013872826707603092, 0.013885998220254011, 0.013888648689719623, 0.013838849860597694, 0.013854027419293003, 0.013882833047258469, 0.01384870463469102, 0.013891440338900461, 0.013848018175642992, 0.01383509449704171, 0.013868108879119575, 0.013790730173804243, 0.01384724771205811, 0.013819692273996879, 0.013860891685952923, 0.013821525469120759, 0.013853824161259966, 0.013842888399644012, 0.013844564922932854, 0.013843603298473771, 0.013805755700462595, 0.013807813526848825, 0.013816452530919465, 0.01382481585374459, 0.01381391435416809, 0.013809714272692062, 0.013824687020426826, 0.013797952021414117, 0.013793735407470755, 0.013810540778084019, 0.013793271942412396, 0.013817832558147336, 0.013814327746670938, 0.013809436570688102, 0.013826519491972188, 0.01381064111602275, 0.013840119044709219, 0.013808815251335059, 0.013828102029788422, 0.013816970176224574, 0.013822196690982938, 0.013791361229464923, 0.013813631422763466, 0.013825715068471713, 0.013831516115963633, 0.013799040750521747, 0.013830899979092558, 0.013820913995642716, 0.013815936952206672, 0.013834004856680775, 0.013795232656045698, 0.013829635161403122, 0.013827483411108121, 0.013849148658865246, 0.013859327202071595, 0.013839175075240516, 0.01383845600471482, 0.013871203393099886, 0.013828586752270985, 0.013809735173479928, 0.013826030911037011, 0.013869300089780856, 0.013851955867153862, 0.013869124886958958, 0.013866150494063914],