{"epoch": [0, 1, 2, 3, 4, 5, 6, 7, 8], "train_loss": [13.260564530167187, 11.536103847078323, 11.018829028925142, 10.629861509876507, 10.295850254399555, 10.0537803335908, 9.859785715182205, 9.722264013719085, 9.618733674131217], "train_loss_c": [7.504661313706647, 7.365613245922296, 7.170895146405008, 6.922331814173015, 6.672787920745297, 6.48780389564189, 6.342710135627475, 6.2384836371711865, 6.1574963501720354], "train_loss_r": [0.028779516087369793, 0.02085245296498244, 0.019239669385699418, 0.018537648516922963, 0.018115311609858388, 0.017829882203923703, 0.0175853779385061, 0.01741890192479852, 0.017306186641543077], "train_accuracy": [0.24080560420315236, 0.5618797431406889, 0.908493870402802, 1.2470000649117896, 1.4549685412690574, 1.61266783420899, 1.827933450087566, 1.8461762988908348, 2.024956217162872], "test_loss": [14.767668046951293, 12.132885627746582, 11.570120401382447, 11.137575101852416, 10.67354344367981, 10.319811878204346, 10.050107555389404, 9.864495792388915, 9.647214288711547], "test_loss_c": [7.467587080001831, 7.32071626663208, 7.13256724357605, 6.89230405330658, 6.594192695617676, 6.325825438499451, 6.125793399810791, 5.966213526725769, 5.825355477333069], "test_loss_r": [0.036500404812395575, 0.024060846520587802, 0.02218776598572731, 0.02122635494917631, 0.02039675378240645, 0.019969932399690152, 0.019621570594608784, 0.01949141110293567, 0.019109294079244138], "test_accuracy": [0.1875, 0.5625, 0.3125, 0.43750000000000006, 0.625, 0.625, 1.4375, 1.5, 2.0]}